_id,isPb,wpm,acc,rawWpm,consistency,charStats,mode,mode2,quoteLength,restartCount,testDuration,afkDuration,incompleteTestSeconds,punctuation,numbers,language,funbox,difficulty,lazyMode,blindMode,bailedOut,tags,timestamp
6a713515658c7ce3910b35c4,false,62.51,98.28,62.51,71.04,56;0;0;0,words,10,-1,2,10.75,0,9.58,false,false,english,,normal,false,false,false,,1785804053000
6a7134fd658c7ce3910b354c,false,69.18,96.08,69.18,67.18,49;0;0;0,words,10,-1,6,8.5,0,34.68,false,false,english,,normal,false,false,false,,1785804029000
6a7134c9658c7ce3910b343d,false,66.73,100,66.73,76.43,61;0;0;0,words,10,-1,1,10.97,0,2.42,false,false,english,,normal,false,false,false,,1785803977000
6a71211a658c7ce3910ac4f9,false,63.29,96.23,63.29,63.96,51;0;0;0,words,10,-1,0,9.67,0,0,false,false,english,,normal,false,false,false,,1785798938000
6a71210b658c7ce3910ac4a2,false,63.09,100,63.09,58.08,47;0;0;0,words,10,-1,0,8.94,0,0,false,false,english,,normal,false,false,false,,1785798923000
6a712101658c7ce3910ac464,false,68.89,96.15,68.89,80.65,50;0;0;0,words,10,-1,12,8.71,0,30.61,false,false,english,,normal,false,false,false,,1785798913000
6a7120c5658c7ce3910ac2fd,false,53.9,92.98,53.9,61.54,53;0;0;0,words,10,-1,0,11.8,0,0,false,false,english,,normal,false,false,false,,1785798853000
6a7120b8658c7ce3910ac2ae,false,57.93,92.59,57.93,81.16,49;0;0;0,words,10,-1,1,10.15,0,12.31,false,false,english,,normal,false,false,false,,1785798840000
6a71209f658c7ce3910ac230,false,57.67,94.55,57.67,78.61,52;0;0;0,words,10,-1,0,10.82,0,0,false,false,english,,normal,false,false,false,,1785798815000
6a712093658c7ce3910ac1eb,false,66.23,98.33,66.23,69.82,59;0;0;0,words,10,-1,1,10.69,0,8.68,false,false,english,,normal,false,false,false,,1785798803000
6a71207e658c7ce3910ac170,false,55.79,92.73,55.79,56.11,51;0;0;0,words,10,-1,0,10.97,0,0,false,false,english,,normal,false,false,false,,1785798782000
6a712072658c7ce3910ac12f,false,52.46,93.75,57.7,60.9,40;0;0;1,words,10,-1,1,9.15,0,0.7,false,false,english,,normal,false,false,false,,1785798770000
6a712063658c7ce3910ac0d9,false,53.31,85.25,53.31,53.09,51;0;0;0,words,10,-1,0,11.48,0,0,false,false,english,,normal,false,false,false,,1785798755000
6a712056658c7ce3910ac092,false,54.84,96.15,54.84,67.4,50;0;0;0,words,10,-1,4,10.94,0,17.84,false,false,english,,normal,false,false,false,,1785798742000
6a71202d658c7ce3910abfb6,false,71.14,98.15,71.14,75.25,53;0;0;0,words,10,-1,4,8.94,0,9.34,false,false,english,,normal,false,false,false,,1785798700000
6a712014658c7ce3910abf33,false,55.84,90.74,55.84,56.36,47;0;0;0,words,10,-1,0,10.1,0,0,false,false,english,,normal,false,false,false,,1785798676000
6a712008658c7ce3910abeef,false,61.15,94.92,61.15,62.5,56;0;0;0,words,10,-1,0,10.99,0,0,false,false,english,,normal,false,false,false,,1785798664000
6a711ffc658c7ce3910abeab,false,44.52,87.93,51.77,50.13,43;1;1;0,words,10,-1,0,11.59,0,0,false,false,english,,normal,false,false,false,,1785798652000
6a711fef658c7ce3910abe5f,false,48.66,91.53,55.91,66.91,47;1;1;0,words,10,-1,0,11.59,0,0,false,false,english,,normal,false,false,false,,1785798639000
6a711fda658c7ce3910abdec,false,62.76,96.15,62.76,70.16,50;0;0;0,words,10,-1,5,9.56,0,11.28,false,false,english,,normal,false,false,false,,1785798618000
6a711fb7658c7ce3910abd40,false,54.72,87.69,54.72,60.64,56;0;0;0,words,10,-1,7,12.28,0,19.24,false,false,english,,normal,false,false,false,,1785798583000
6a711add658c7ce3910aa41b,false,62.4,94.19,64.8,64.86,78;1;0;0,time,15,-1,2,15,0,20.84,false,false,english,,normal,false,false,false,,1785797341000
6a711ab6658c7ce3910aa359,false,63.96,97.62,63.96,71.34,80;0;0;0,time,15,-1,9,15.01,0,69.94,false,false,english,,normal,false,false,false,,1785797302000
6a7119d7658c7ce3910a9ec2,false,54,95.1,54,61.45,270;0;0;0,time,60,-1,0,60,0,0,false,false,english,,normal,false,false,false,,1785797079000
6a711996658c7ce3910a9d52,false,47.39,90.26,47.39,55.59,237;0;0;0,time,60,-1,1,60.01,0,4.15,false,false,english,,normal,false,false,false,,1785797014000
6a711951658c7ce3910a9bce,false,52.39,93.75,53.39,57.21,262;1;1;0,time,60,-1,0,60.01,2,0,false,false,english,,normal,false,false,false,,1785796945000
6a711912658c7ce3910a9a69,false,57.79,98.97,57.79,61.13,289;0;0;0,time,60,-1,0,60.01,1,0,false,false,english,,normal,false,false,false,,1785796882000
6a7118d2658c7ce3910a9906,false,43.39,88.17,45.78,50.46,217;4;1;0,time,60,-1,5,60.02,1,18.47,false,false,english,,normal,false,false,false,,1785796818000
6a711879658c7ce3910a972e,false,49.6,89.16,49.6,59.6,248;0;0;0,time,60,-1,0,60,0,0,false,false,english,,normal,false,false,false,,1785796729000
6a71183c658c7ce3910a95ba,false,57.19,91.9,58.59,61.28,286;2;1;0,time,60,-1,4,60.01,0,13.1,false,false,english,,normal,false,false,false,,1785796668000
6a711759658c7ce3910a90cd,false,61.54,90.38,61.54,70.14,140;0;0;0,words,25,-1,6,27.3,0,21.29,false,false,english,,normal,false,false,false,,1785796441000
6a711716658c7ce3910a8f87,false,76.09,100,76.09,81.39,48;0;0;0,words,10,-1,0,7.57,0,0,false,false,english,,normal,false,false,false,,1785796374000
6a711706658c7ce3910a8f27,false,49.15,83.33,49.15,51.98,48;0;0;0,words,10,-1,0,11.72,0,0,false,false,english,,normal,false,false,false,,1785796358000
6a7116f9658c7ce3910a8ef5,false,90.08,98.15,90.08,75.69,53;0;0;0,words,10,-1,0,7.06,0,0,false,false,english,,normal,false,false,false,,1785796345000
6a7116f0658c7ce3910a8ec7,false,59.41,90.91,59.41,81.04,50;0;0;0,words,10,-1,2,10.1,0,5.39,false,false,english,,normal,false,false,false,,1785796336000
6a7116de658c7ce3910a8e68,false,63.09,92.31,63.09,68.88,48;0;0;0,words,10,-1,13,9.13,0,53.77,false,false,english,,normal,false,false,false,,1785796318000
6a71168e658c7ce3910a8ce8,false,57.55,94.23,57.55,79,47;0;0;0,words,10,-1,0,9.8,0,0,false,false,english,,normal,false,false,false,,1785796238000
6a71167d658c7ce3910a8c8c,false,63.35,94.44,63.35,67.87,51;0;0;0,words,10,-1,3,9.66,0,5.44,false,false,english,,normal,false,false,false,,1785796221000
6a71166a658c7ce3910a8c23,false,53.96,91.23,53.96,50.93,50;0;0;0,words,10,-1,0,11.12,0,0,false,false,english,,normal,false,false,false,,1785796202000
6a71165e658c7ce3910a8bda,false,62.73,93.1,62.73,75.27,54;0;0;0,words,10,-1,0,10.33,0,0,false,false,english,,normal,false,false,false,,1785796190000
6a711652658c7ce3910a8ba5,false,60.85,96.23,60.85,70.02,50;0;0;0,words,10,-1,6,9.86,0,18.73,false,false,english,,normal,false,false,false,,1785796178000
6a71162c658c7ce3910a8af1,false,61.83,95.24,61.83,64.22,59;0;0;0,words,10,-1,0,11.45,0,0,false,false,english,,normal,false,false,false,,1785796139000
6a711619658c7ce3910a8a84,false,69.18,94.64,69.18,77.58,52;0;0;0,words,10,-1,0,9.02,0,0,false,false,english,,normal,false,false,false,,1785796121000
6a711488658c7ce3910a8274,true,92.97,100,92.97,85.17,54;0;0;0,words,10,-1,5,6.97,0,11.53,false,false,english,,normal,false,false,false,,1785795720000
6a71146e658c7ce3910a81e0,false,56.4,87.04,56.4,63.18,47;0;0;0,words,10,-1,0,10,0,0,false,false,english,,normal,false,false,false,,1785795694000
6a711463658c7ce3910a819f,false,78.9,100,78.9,79.88,48;0;0;0,words,10,-1,3,7.3,0,15.32,false,false,english,,normal,false,false,false,,1785795683000
6a711447658c7ce3910a8106,false,71.19,98,71.19,75,49;0;0;0,words,10,-1,0,8.26,0,0,false,false,english,,normal,false,false,false,,1785795655000
6a711439658c7ce3910a80bb,false,62.79,96.43,62.79,66.24,54;0;0;0,words,10,-1,1,10.32,0,5.72,false,false,english,,normal,false,false,false,,1785795641000
6a711426658c7ce3910a806b,false,49.96,83.05,49.96,66.28,48;0;0;0,words,10,-1,2,11.53,0,5.2,false,false,english,,normal,false,false,false,,1785795622000
6a71140f658c7ce3910a7ff8,false,66.11,100,66.11,81.01,53;0;0;0,words,10,-1,0,9.62,0,0,false,false,english,,normal,false,false,false,,1785795599000
6a711403658c7ce3910a7fc3,false,69.99,98.21,69.99,70.65,55;0;0;0,words,10,-1,1,9.43,0,2.46,false,false,english,,normal,false,false,false,,1785795587000
6a7113f3658c7ce3910a7f6f,false,64.19,98.04,71.16,63.26,46;1;1;0,words,10,-1,4,8.6,0,21.03,false,false,english,,normal,false,false,false,,1785795571000
6a711360658c7ce3910a7c6a,false,72.36,100,72.36,77.7,60;0;0;0,words,10,-1,0,9.95,0,0,false,false,english,,normal,false,false,false,,1785795424000
6a711355658c7ce3910a7c27,false,71.92,94.44,71.92,73.69,51;0;0;0,words,10,-1,3,8.51,0,5.31,false,false,english,,normal,false,false,false,,1785795413000
6a711338658c7ce3910a7b8a,false,77.32,98.04,77.32,76.31,50;0;0;0,words,10,-1,5,7.76,0,14.23,false,false,english,,normal,false,false,false,,1785795384000
6a711305658c7ce3910a7a88,false,66.31,92.98,66.31,68.64,52;0;0;0,words,10,-1,0,9.41,0,0,false,false,english,,normal,false,false,false,,1785795333000
6a7112f8658c7ce3910a7a47,false,67.22,100,67.22,68.43,54;0;0;0,words,10,-1,7,9.64,0,36.2,false,false,english,,normal,false,false,false,,1785795320000
6a71129d658c7ce3910a7843,false,67.64,98.08,67.64,78.06,50;0;0;0,words,10,-1,0,8.87,0,0,false,false,english,,normal,false,false,false,,1785795229000
6a711293658c7ce3910a7808,false,60.76,96.55,60.76,81.94,56;0;0;0,words,10,-1,6,11.06,0,28.52,false,false,english,,normal,false,false,false,,1785795219000
6a711256658c7ce3910a76e7,false,77.22,96.15,77.22,64.59,50;0;0;0,words,10,-1,1,7.77,0,3.19,false,false,english,,normal,false,false,false,,1785795158000
6a711239658c7ce3910a7655,false,54.04,81.48,67.9,66.58,39;4;2;0,words,10,-1,0,8.66,0,0,false,false,english,,normal,false,false,false,,1785795129000
6a711210658c7ce3910a758b,false,82.76,100,82.76,80,46;0;0;0,words,10,-1,1,6.67,0,2.36,false,false,english,,normal,false,false,false,,1785795088000
6a7111d7658c7ce3910a7466,false,60.36,94.55,60.36,61,51;0;0;0,words,10,-1,9,10.14,0,23.45,false,false,english,,normal,false,false,false,,1785795031000
6a7111aa658c7ce3910a7382,true,85.71,100,85.71,68.91,55;0;0;0,words,10,-1,1,7.7,0,0.7,false,false,english,,normal,false,false,false,,1785794986000
6a71119d658c7ce3910a7339,false,57.03,94.12,57.03,61.1,47;0;0;0,words,10,-1,1,9.89,0,4.39,false,false,english,,normal,false,false,false,,1785794973000
6a71118b658c7ce3910a72db,false,57.65,91.53,57.65,63.07,54;0;0;0,words,10,-1,0,11.24,0,0,false,false,english,,normal,false,false,false,,1785794955000
6a71117e658c7ce3910a729f,false,56.36,96,56.36,61.9,48;0;0;0,words,10,-1,0,10.22,0,0,false,false,english,,normal,false,false,false,,1785794942000
6a711171658c7ce3910a7260,false,57.88,90,57.88,59.87,52;0;0;0,words,10,-1,0,10.78,0,0,false,false,english,,normal,false,false,false,,1785794929000
6a711165658c7ce3910a7213,false,57.09,94.23,57.09,55.85,49;0;0;0,words,10,-1,1,10.3,0,0.66,false,false,english,,normal,false,false,false,,1785794917000
6a70add3658c7ce39106f4c1,false,51.09,95.74,58.95,73.33,39;1;0;1,words,10,-1,0,9.16,0,0,false,false,english,space_balls,normal,false,false,false,,1785769427000
6a70ad51658c7ce39106ee86,false,15.31,82.5,25.52,50.51,24;7;0;0,words,10,-1,0,18.81,2,0,false,false,spanish_650k,arrows,normal,false,false,false,,1785769297000
6a70ac1e658c7ce39106dfc3,false,51.2,94.35,51.5,55.91,512;3;0;1,time,120,-1,0,120.01,0,0,false,false,english,earthquake,normal,false,false,false,,1785768990000
6a70aa97658c7ce39106cdb1,true,52.4,92.33,52.4,59.76,524;0;0;0,time,120,-1,3,120.01,0,32.27,false,false,english,,normal,false,false,false,,1785768599000
6a70a9a6658c7ce39106c26a,false,48.79,92.17,50.79,55.51,244;1;1;0,time,60,-1,4,60.01,1,21.15,false,false,english,,normal,false,false,false,,1785768358000
6a70a934658c7ce39106bd14,false,55.99,94.1,57.79,64.4,280;2;1;0,time,60,-1,3,60.01,0,5.69,false,false,english,,normal,false,false,false,,1785768244000
6a70a8e8658c7ce39106b99e,false,43.2,94.35,43.2,44.84,216;0;0;0,time,60,-1,0,60,2,0,false,false,english,,normal,false,false,false,,1785768168000
6a70a8a7658c7ce39106b68e,false,46.58,88.77,47.58,58.93,233;1;1;0,time,60,-1,1,60.02,0,32.79,false,false,english,,normal,false,false,false,,1785768103000
6a70a845658c7ce39106b205,false,49.8,92.34,49.8,51.71,249;0;0;0,time,60,-1,10,60,1,119.35,false,false,english,,normal,false,false,false,,1785768005000
6a70a3df658c7ce391067d18,false,45.19,86.74,45.99,54.75,226;1;1;0,time,60,-1,2,60.01,0,61.45,false,false,english,,normal,false,false,false,,1785766879000
6a70a341658c7ce39106759c,false,49.4,94.05,49.8,46.83,247;1;0;0,time,60,-1,3,60,6,6.6,false,false,english,,normal,false,false,false,,1785766721000
6a70a2fa658c7ce391067229,false,53.19,89.51,53.19,63.86,266;0;0;0,time,60,-1,1,60.01,1,0.69,false,false,english,,normal,false,false,false,,1785766650000
6a70a2b9658c7ce391066f45,false,45.59,89.62,45.59,54.35,228;0;0;0,time,60,-1,1,60.01,1,15.76,false,false,english,,normal,false,false,false,,1785766585000
6a70a261658c7ce391066ae5,false,58.19,91.9,58.59,68.02,291;1;0;0,time,60,-1,0,60.01,0,0,false,false,english,,normal,false,false,false,,1785766497000
6a70a223658c7ce39106682a,false,49.2,91.27,49.2,58.96,246;0;0;0,time,60,-1,2,60,0,37.62,false,false,english,,normal,false,false,false,,1785766435000
6a70a0e2658c7ce3910659de,true,58.4,92.72,58.4,67.88,292;0;0;0,time,60,-1,3,60,0,7.42,false,false,english,,normal,false,false,false,,1785766114000
6a709dcc658c7ce391063641,false,54.38,95.17,54.38,60.37,136;0;0;0,time,30,-1,0,30.01,0,0,false,false,english,,normal,false,false,false,,1785765324000
6a709dab658c7ce3910634c5,true,63.98,97.59,63.98,66.12,160;0;0;0,time,30,-1,4,30.01,0,20.26,false,false,english,,normal,false,false,false,,1785765291000
6a709d6c658c7ce391063204,false,49.18,91.97,49.18,63.95,123;0;0;0,time,30,-1,0,30.01,0,0,false,false,english,,normal,false,false,false,,1785765228000
6a709d4c658c7ce3910630a5,false,57.18,95.36,57.18,60.79,143;0;0;0,time,30,-1,0,30.01,0,0,false,false,english,,normal,false,false,false,,1785765196000
6a709d2a658c7ce391062f1c,false,53.18,94.41,53.18,58.89,133;0;0;0,time,30,-1,0,30.01,0,0,false,false,english,,normal,false,false,false,,1785765162000
6a709d0a658c7ce391062dae,true,59.58,94.38,59.58,58.57,149;0;0;0,time,30,-1,3,30.01,0,16.66,false,false,english,,normal,false,false,false,,1785765130000
6a709cc9658c7ce391062ab8,false,45.95,87.5,45.95,59.41,53;0;0;0,words,10,-1,0,13.84,0,0,false,false,english,,normal,false,false,false,,1785765065000
6a709cb9658c7ce3910629e1,false,62.14,91.84,62.14,73.67,45;0;0;0,words,10,-1,0,8.69,0,0,false,false,english,,normal,false,false,false,,1785765049000
6a709caf658c7ce391062974,false,44.47,82.35,44.47,58.08,55;0;0;0,words,10,-1,0,14.84,0,0,false,false,english,,normal,false,false,false,,1785765039000
6a709c4b658c7ce391062544,false,82.71,98.21,82.71,79.43,55;0;0;0,words,10,-1,0,7.98,0,0,false,false,english,,normal,false,false,false,,1785764939000
6a709c42658c7ce3910624c9,false,68.54,96.61,68.54,72.95,57;0;0;0,words,10,-1,1,9.98,0,7.27,false,false,english,,normal,false,false,false,,1785764930000
6a709c2c658c7ce3910623c1,false,55.22,94.74,55.22,61.63,52;0;0;0,words,10,-1,1,11.3,0,1.17,false,false,english,,normal,false,false,false,,1785764908000
6a709c1a658c7ce3910622cb,false,68.25,100,68.25,73.39,55;0;0;0,words,10,-1,7,9.67,0,16.12,false,false,english,,normal,false,false,false,,1785764890000
6a709bf1658c7ce3910620f5,false,74.47,98.39,74.47,67.02,61;0;0;0,words,10,-1,0,9.83,0,0,false,false,english,,normal,false,false,false,,1785764849000
6a709be6658c7ce39106204f,false,47.24,93.33,47.24,58.21,42;0;0;0,words,10,-1,0,10.67,0,0,false,false,english,,normal,false,false,false,,1785764838000
6a709bd8658c7ce391061fa4,false,71.78,100,71.78,79.08,53;0;0;0,words,10,-1,0,8.86,0,0,false,false,english,,normal,false,false,false,,1785764824000
6a709bcd658c7ce391061f2f,false,57,95,57,71.89,57;0;0;0,words,10,-1,1,12,0,10.58,false,false,english,,normal,false,false,false,,1785764813000
6a709ba9658c7ce391061d73,false,53.15,88.14,53.15,59.42,52;0;0;0,words,10,-1,0,11.74,0,0,false,false,english,,normal,false,false,false,,1785764777000
6a709b9b658c7ce391061cb6,false,64.84,93.65,64.84,74.05,59;0;0;0,words,10,-1,0,10.92,0,0,false,false,english,,normal,false,false,false,,1785764763000
6a709b87658c7ce391061bda,false,44.39,83.82,44.39,50.59,57;0;0;0,words,10,-1,0,15.41,0,0,false,false,english,,normal,false,false,false,,1785764743000
6a709b75658c7ce391061b0f,false,45.22,90,45.22,49.53,52;0;0;0,words,10,-1,0,13.8,0,0,false,false,english,,normal,false,false,false,,1785764725000
6a709b65658c7ce391061a5e,false,66.84,100,66.84,82.34,42;0;0;0,words,10,-1,0,7.54,0,0,false,false,english,,normal,false,false,false,,1785764709000
6a709b5c658c7ce3910619f4,false,40.36,85.07,40.36,54.12,53;0;0;0,words,10,-1,0,15.76,0,0,false,false,english,,normal,false,false,false,,1785764700000
6a709b4b658c7ce391061929,false,56.06,91.53,56.06,71.88,52;0;0;0,words,10,-1,1,11.13,0,2.1,false,false,english,,normal,false,false,false,,1785764683000
6a709b3b658c7ce391061871,false,78.53,100,78.53,69.89,57;0;0;0,words,10,-1,2,8.71,0,1.51,false,false,english,,normal,false,false,false,,1785764667000
6a709b22658c7ce391061763,false,47.37,91.55,47.37,66.53,63;0;0;0,words,10,-1,0,15.96,0,0,false,false,english,,normal,false,false,false,,1785764642000
6a709b10658c7ce391061699,false,59.08,90.57,59.08,73.12,48;0;0;0,words,10,-1,0,9.75,0,0,false,false,english,,normal,false,false,false,,1785764624000
6a709b05658c7ce391061616,false,45.17,85.71,50.48,55.59,51;1;0;0,words,10,-1,0,13.55,0,0,false,false,english,,normal,false,false,false,,1785764613000
6a709af5658c7ce391061577,false,53.11,94.23,53.11,66.64,47;0;0;0,words,10,-1,0,10.62,0,0,false,false,english,,normal,false,false,false,,1785764597000
6a709ae9658c7ce3910614db,false,68.8,95.56,68.8,67.99,43;0;0;0,words,10,-1,0,7.5,0,0,false,false,english,,normal,false,false,false,,1785764585000
6a709ae0658c7ce391061484,false,60.86,95.83,60.86,64.15,46;0;0;0,words,10,-1,1,9.07,0,0.85,false,false,english,,normal,false,false,false,,1785764576000
6a709ad3658c7ce3910613f0,false,55.16,93.85,55.16,59.6,61;0;0;0,words,10,-1,0,13.27,0,0,false,false,english,,normal,false,false,false,,1785764563000
6a709ac4658c7ce391061330,false,57.67,97.92,57.67,68.8,47;0;0;0,words,10,-1,1,9.78,0,2.43,false,false,english,,normal,false,false,false,,1785764548000
6a709ab4658c7ce391061273,false,45.48,86.79,45.48,58.28,44;0;0;0,words,10,-1,0,11.61,0,0,false,false,english,,normal,false,false,false,,1785764532000
6a709aa6658c7ce3910611de,false,57.09,98.15,57.09,70.89,53;0;0;0,words,10,-1,0,11.14,0,0,false,false,english,,normal,false,false,false,,1785764518000
6a709a99658c7ce39106115f,false,54.14,88.14,58.56,52.8,49;2;0;0,words,10,-1,0,10.86,0,0,false,false,english,,normal,false,false,false,,1785764505000
6a709a8d658c7ce3910610d4,false,53.08,92.42,53.08,65.21,61;0;0;0,words,10,-1,0,13.79,0,0,false,false,english,,normal,false,false,false,,1785764493000
6a709a7e658c7ce39106102e,false,28.21,84.06,28.21,35.86,56;0;0;0,words,10,-1,1,23.82,2,0.65,false,false,english,,normal,false,false,false,,1785764478000
6a709a5e658c7ce391060eee,false,55.89,94.44,55.89,60.93,49;0;0;0,words,10,-1,3,10.52,0,10.36,false,false,english,,normal,false,false,false,,1785764446000
6a709a44658c7ce391060dbc,false,73.47,100,73.47,74.79,42;0;0;0,words,10,-1,0,6.86,0,0,false,false,english,,normal,false,false,false,,1785764420000
6a709a3b658c7ce391060d5b,false,60.39,96.43,60.39,68.79,54;0;0;0,words,10,-1,0,10.73,0,0,false,false,english,,normal,false,false,false,,1785764411000
6a709a0b658c7ce391060b35,false,44.08,93.94,44.08,55.77,58;0;0;0,words,10,-1,1,15.79,0,3.85,false,false,english,,normal,false,false,false,,1785764363000
6a6fd451658c7ce391ffa831,false,57.46,96.36,57.46,53.69,52;0;0;0,words,10,-1,14,10.86,0,25.72,false,false,english,,normal,false,false,false,,1785713745000
6a6fd401658c7ce391ffa69c,true,83.48,100,83.48,87.21,48;0;0;0,words,10,-1,1,6.9,0,0.88,false,false,english,,normal,false,false,false,,1785713665000
6a6fd3f4658c7ce391ffa66a,false,50.4,89.66,50.4,52.5,52;0;0;0,words,10,-1,1,12.38,0,4.63,false,false,english,,normal,false,false,false,,1785713652000
6a6fd3e0658c7ce391ffa5f6,false,69.07,98.08,69.07,74.13,51;0;0;0,words,10,-1,1,8.86,0,4.45,false,false,english,,normal,false,false,false,,1785713632000
6a6fd3d0658c7ce391ffa5b0,false,69.66,98.15,69.66,79.68,53;0;0;0,words,10,-1,1,9.13,0,1.84,false,false,english,,normal,false,false,false,,1785713616000
6a6fd3c2658c7ce391ffa565,false,67.16,98.15,67.16,80.39,53;0;0;0,words,10,-1,2,9.47,0,8.59,false,false,english,,normal,false,false,false,,1785713602000
6a6fd39a658c7ce391ffa49f,true,74.48,98.25,74.48,80.4,54;0;0;0,words,10,-1,2,8.7,0,1.53,false,false,english,,normal,false,false,false,,1785713562000
6a6fd38c658c7ce391ffa44d,false,50.88,94.74,50.88,58.03,53;0;0;0,words,10,-1,5,12.5,0,27.72,false,false,english,,normal,false,false,false,,1785713548000
6a6fd35b658c7ce391ffa365,false,59.37,98.11,59.37,62.7,52;0;0;0,words,10,-1,0,10.51,0,0,false,false,english,,normal,false,false,false,,1785713499000
6a6fd34d658c7ce391ffa321,false,63.72,97.96,63.72,68.14,48;0;0;0,words,10,-1,2,9.04,0,5.82,false,false,english,,normal,false,false,false,,1785713485000
6a6fd2ff658c7ce391ffa18a,false,42.32,94.64,42.32,63.77,51;0;0;0,words,10,-1,0,14.46,0,0,false,false,english,,normal,false,false,false,,1785713407000
6a6fd2ed658c7ce391ffa12e,false,60.92,94.64,60.92,59.87,53;0;0;0,words,10,-1,0,10.44,0,0,false,false,english,,normal,false,false,false,,1785713389000
6a6fd2dd658c7ce391ffa0d6,false,68.57,98.31,68.57,75.13,58;0;0;0,words,10,-1,0,10.15,0,0,false,false,english,,normal,false,false,false,,1785713373000
6a6fd2d1658c7ce391ffa097,false,55.79,94.23,55.79,72.63,49;0;0;0,words,10,-1,1,10.54,0,3.91,false,false,english,,normal,false,false,false,,1785713361000
6a6fd2b9658c7ce391ffa015,false,65.1,97.78,65.1,71.25,44;0;0;0,words,10,-1,8,8.11,0,16.14,false,false,english,,normal,false,false,false,,1785713337000
6a6fd28d658c7ce391ff9f27,true,72.98,100,72.98,72.64,52;0;0;0,words,10,-1,1,8.55,0,1.09,false,false,english,,normal,false,false,false,,1785713293000
6a6fd27d658c7ce391ff9ed7,false,46.75,94.74,46.75,41.05,51;0;0;0,words,10,-1,1,13.09,0,1.48,false,false,english,,normal,false,false,false,,1785713277000
6a6fd0e1658c7ce391ff967e,false,47.44,90.78,48.29,57.86,503;3;2;0,words,100,-1,3,127.23,1,18.2,false,false,english,,normal,false,false,false,,1785712865000
6a6fd006658c7ce391ff929e,true,48.48,91.85,48.48,58.86,538;0;0;0,words,100,-1,5,133.18,1,22.91,false,false,english,,normal,false,false,false,,1785712646000
6a6fccb3658c7ce391ff82ee,false,50.47,93.69,50.47,61.95,291;0;0;0,words,50,-1,4,69.19,1,7.41,false,false,english,,normal,false,false,false,,1785711795000
6a6fcc53658c7ce391ff8111,false,50.84,94.64,51.62,57.09,261;1;1;0,words,50,-1,0,61.6,1,0,false,false,english,,normal,false,false,false,,1785711699000
6a6fcc13658c7ce391ff7fcb,true,54.67,94.74,55.94,61.45,259;1;1;0,words,50,-1,3,56.85,0,5.58,false,false,english,,normal,false,false,false,,1785711635000
6a6fcbb6658c7ce391ff7dff,false,51.66,93.31,53.57,63.41,270;2;1;0,words,50,-1,1,62.72,0,4.47,false,false,english,,normal,false,false,false,,1785711542000
6a6fcb0a658c7ce391ff7ab0,false,52.64,94.24,52.64,53.13,258;0;0;0,words,50,-1,1,58.81,3,2.53,false,false,english,,normal,false,false,false,,1785711370000
6a6fca7e658c7ce391ff7857,true,54.24,93.2,57.38,63.25,259;3;2;0,words,50,-1,3,57.3,1,19.35,false,false,english,,normal,false,false,false,,1785711230000
6a6fca1d658c7ce391ff76c0,true,50.22,94.3,51.51,61.36,271;2;1;0,words,50,-1,7,64.76,0,20.84,false,false,english,,normal,false,false,false,,1785711133000
6a6fc955658c7ce391ff7368,true,48.82,95.09,48.82,56.54,264;0;0;0,words,50,-1,1,64.89,1,3.75,false,false,english,,normal,false,false,false,,1785710933000
6a6fc80d658c7ce391ff6dd0,false,56.31,97.28,59.21,61.84,136;1;1;0,words,25,-1,0,28.98,0,0,false,false,english,,normal,false,false,false,,1785710605000
6a6fc7e9658c7ce391ff6d37,false,59.64,95.21,59.64,65.61,139;0;0;0,words,25,-1,0,27.97,0,0,false,false,english,,normal,false,false,false,,1785710569000
6a6fc7b5658c7ce391ff6c62,false,57.3,93.98,57.3,59.09,124;0;0;0,words,25,-1,0,25.97,0,0,false,false,english,,normal,false,false,false,,1785710517000
6a6fbd9b658c7ce391ff38e3,true,63.89,97.1,63.89,67.42,133;0;0;0,words,25,-1,1,24.98,0,0.5,false,false,english,,normal,false,false,false,,1785707931000
6a6fbd7a658c7ce391ff384f,true,46.33,87.66,46.33,58.12,130;0;0;0,words,25,-1,0,33.67,0,0,false,false,english,,normal,false,false,false,,1785707898000
6a6fbca5658c7ce391ff341a,false,58.4,96.05,58.4,67.4,73;0;0;0,time,15,-1,7,15,0,21.6,false,false,english,,normal,false,false,false,,1785707685000
6a6fbc78658c7ce391ff333e,false,64.76,96.43,64.76,65.63,81;0;0;0,time,15,-1,8,15.01,0,42.36,false,false,english,,normal,false,false,false,,1785707640000
6a6fbc35658c7ce391ff3205,false,59.12,96.1,59.12,70.79,74;0;0;0,time,15,-1,3,15.02,0,14.63,false,false,english,,normal,false,false,false,,1785707573000
6a6fbc13658c7ce391ff315a,false,51.17,95.52,51.17,56.88,64;0;0;0,time,15,-1,2,15.01,0,7.86,false,false,english,,normal,false,false,false,,1785707539000
6a6fbbf9658c7ce391ff30e3,false,52,95.65,52,74.7,65;0;0;0,time,15,-1,0,15,0,0,false,false,english,,normal,false,false,false,,1785707513000
6a6fbbe9658c7ce391ff307f,false,53.56,94.37,53.56,66.86,67;0;0;0,time,15,-1,0,15.01,0,0,false,false,english,,normal,false,false,false,,1785707497000
6a6fbbd8658c7ce391ff3022,false,60.8,97.44,60.8,75.5,76;0;0;0,time,15,-1,1,15,0,9.67,false,false,english,,normal,false,false,false,,1785707480000
6a6fb981658c7ce391ff24d8,false,50.37,91.67,53.56,70.34,63;1;1;0,time,15,-1,0,15.01,0,0,false,false,english,,normal,false,false,false,,1785706881000
6a6fb970658c7ce391ff246c,false,61.52,97.47,61.52,67.14,77;0;0;0,time,15,-1,3,15.02,0,3.34,false,false,english,,normal,false,false,false,,1785706864000
6a6fb959658c7ce391ff2405,false,44.8,92.06,44.8,49.27,56;0;0;0,time,15,-1,0,15,0,0,false,false,english,,normal,false,false,false,,1785706841000
6a6fb947658c7ce391ff23ab,false,35.18,87.93,39.17,43.69,44;1;1;0,time,15,-1,0,15.01,0,0,false,false,english,,normal,false,false,false,,1785706823000
6a6fb936658c7ce391ff2351,false,47.17,96.77,47.17,54.27,59;0;0;0,time,15,-1,3,15.01,0,11.35,false,false,english,,normal,false,false,false,,1785706806000
6a6fb7a2658c7ce391ff1bec,false,55.2,92.11,56.8,60.9,69;1;0;0,time,15,-1,1,15,0,9.34,false,false,english,,normal,false,false,false,,1785706402000
6a6fb782658c7ce391ff1b45,false,56.76,96.05,56.76,71.66,71;0;0;0,time,15,-1,1,15.01,0,0.71,false,false,english,,normal,false,false,false,,1785706370000
6a6fb770658c7ce391ff1af2,false,50.3,92,54.29,51.64,63;1;1;0,time,15,-1,1,15.03,0,11.38,false,false,english,,normal,false,false,false,,1785706352000
6a6fb753658c7ce391ff1a42,false,55.16,93.24,55.16,72.84,69;0;0;0,time,15,-1,5,15.01,0,18.18,false,false,english,,normal,false,false,false,,1785706323000
6a6fb72b658c7ce391ff195e,false,56.76,94.87,59.16,68.44,71;2;1;0,time,15,-1,1,15.01,0,1.18,false,false,english,,normal,false,false,false,,1785706283000
6a6fb717658c7ce391ff1900,false,59.12,98.67,59.12,73.87,74;0;0;0,time,15,-1,3,15.02,0,11.79,false,false,english,,normal,false,false,false,,1785706263000
6a6fb6f4658c7ce391ff1839,false,48.77,85.92,48.77,65.97,61;0;0;0,time,15,-1,1,15.01,0,2.8,false,false,english,,normal,false,false,false,,1785706228000
6a6fb6e0658c7ce391ff17b5,false,51.97,93.51,58.36,63.83,65;2;0;0,time,15,-1,8,15.01,0,12.13,false,false,english,,normal,false,false,false,,1785706208000
6a6fb6b9658c7ce391ff16de,false,65.51,94.25,65.51,69.68,82;0;0;0,time,15,-1,0,15.02,0,0,false,false,english,,normal,false,false,false,,1785706169000
6a6fb6a8658c7ce391ff167b,false,59.16,96.1,59.16,74.49,74;0;0;0,time,15,-1,10,15.01,0,49.79,false,false,english,,normal,false,false,false,,1785706152000
6a6fb65c658c7ce391ff14e5,false,54.4,93.24,54.4,61.94,68;0;0;0,time,15,-1,3,15,0,10.47,false,false,english,,normal,false,false,false,,1785706076000
6a6fb63d658c7ce391ff1444,false,61.52,96.34,63.91,70.99,77;2;0;0,time,15,-1,0,15.02,0,0,false,false,english,,normal,false,false,false,,1785706045000
6a6fb622658c7ce391ff13a3,false,34.4,87.93,34.4,48.52,43;0;0;0,time,15,-1,10,15,0,40.56,false,false,english,,normal,false,false,false,,1785706018000
6a6fb5db658c7ce391ff122a,false,67.16,97.67,67.16,78.43,84;0;0;0,time,15,-1,1,15.01,0,1.33,false,false,english,,normal,false,false,false,,1785705947000
6a6fb5c8658c7ce391ff11c9,false,60,97.4,60,66.74,75;0;0;0,time,15,-1,1,15,0,4.97,false,false,english,,normal,false,false,false,,1785705928000
6a6fb5a9658c7ce391ff1139,false,55.16,91.14,59.16,61.8,69;2;0;0,time,15,-1,2,15.01,0,11.29,false,false,english,,normal,false,false,false,,1785705897000
6a6fb58b658c7ce391ff1093,false,63.2,98.75,63.2,67.41,79;0;0;0,time,15,-1,1,15,0,2.01,false,false,english,,normal,false,false,false,,1785705867000
6a6fb577658c7ce391ff1022,false,54.4,97.14,54.4,61.95,68;0;0;0,time,15,-1,1,15,1,3.81,false,false,english,,normal,false,false,false,,1785705847000
6a6fb561658c7ce391ff0fb0,false,52.8,95.77,52.8,72.76,66;0;0;0,time,15,-1,0,15,0,0,false,false,english,,normal,false,false,false,,1785705825000
6a6fb54c658c7ce391ff0f46,false,39.17,90,43.17,44.69,49;1;1;0,time,15,-1,1,15.01,1,1.28,false,false,english,,normal,false,false,false,,1785705804000
6a6fb539658c7ce391ff0edb,false,39.97,92.59,39.97,65.17,50;0;0;0,time,15,-1,0,15.01,0,0,false,false,english,,normal,false,false,false,,1785705785000
6a6fb51a658c7ce391ff0e2e,false,52.73,91.89,52.73,57.22,66;0;0;0,time,15,-1,1,15.02,0,2.31,false,false,english,,normal,false,false,false,,1785705754000
6a6fb506658c7ce391ff0db7,false,47.2,96.72,47.2,69.6,59;0;0;0,time,15,-1,1,15,0,4.64,false,false,english,,normal,false,false,false,,1785705734000
6a6fb4ef658c7ce391ff0d50,false,39.97,92.59,39.97,58.46,50;0;0;0,time,15,-1,0,15.01,0,0,false,false,english,,normal,false,false,false,,1785705711000
6a6fb4d9658c7ce391ff0cd7,false,55.16,97.22,55.16,61.83,69;0;0;0,time,15,-1,3,15.01,0,46.96,false,false,english,,normal,false,false,false,,1785705689000
6a6f0afb658c7ce391f9bcf7,true,42.1,100,42.1,50.98,91;0;0;0,zen,zen,-1,1,25.94,0,7.64,false,false,english,,normal,false,false,false,,1785662203000
6a6f0a4a658c7ce391f9b7cf,false,44.74,95,44.74,52.64,56;0;0;0,time,15,-1,0,15.02,1,0,false,false,english,,normal,false,false,false,,1785662026000
6a6f0692658c7ce391f99b1b,false,48,90,63.2,71.23,60;6;3;0,time,15,-1,7,15,0,43.02,false,false,english,,normal,false,false,false,,1785661074000
6a6f05a8658c7ce391f993b6,false,61.44,100,61.44,54.03,77;0;0;0,time,15,-1,1,15.04,0,1.11,false,false,english,,normal,false,false,false,,1785660840000
6a6e3526658c7ce391f51423,false,49.53,94.03,49.53,65.45,62;0;0;0,time,15,-1,0,15.02,0,0,false,false,english,,normal,false,false,false,,1785607462000
6a6da9d6658c7ce391f07a6d,false,59.96,98.72,62.36,69.23,75;1;0;0,time,15,-1,3,15.01,0,17.5,false,false,english,,normal,false,false,false,,1785571798000
6a6da85f658c7ce391f06fcb,false,50.37,95.77,55.96,62.64,63;2;0;1,time,15,-1,3,15.01,0,17.21,false,false,english,,normal,false,false,false,,1785571423000
6a6da838658c7ce391f06eb5,false,41.6,91.53,41.6,61.22,52;0;0;0,time,15,-1,0,15,0,0,false,false,english,,normal,false,false,false,,1785571384000
6a6da827658c7ce391f06e40,false,39.97,96.77,49.57,65.94,50;2;1;0,time,15,-1,0,15.01,0,0,false,false,english,,normal,false,false,false,,1785571367000
6a6da817658c7ce391f06dbe,false,43.17,94.92,43.17,45.69,54;0;0;0,time,15,-1,0,15.01,1,0,false,false,english,,normal,false,false,false,,1785571351000
6a6da806658c7ce391f06d5e,false,35.18,90.38,38.37,59.41,44;1;0;0,time,15,-1,1,15.01,0,1.05,false,false,english,,normal,false,false,false,,1785571334000
6a6da7f3658c7ce391f06cb9,false,45.57,91.04,52.76,64.5,57;4;1;0,time,15,-1,15,15.01,0,66.93,false,false,english,,normal,false,false,false,,1785571315000
6a6caa78658c7ce391e96169,false,50.3,95.97,52.6,59.42,503;5;2;2,time,120,-1,0,120.01,3,0,false,false,english,,normal,false,false,false,,1785506424000
6a6b41a7658c7ce391dd69aa,false,43.3,90.38,44.4,52.88,433;2;2;0,time,120,-1,34,120.01,0,168.47,false,false,english,,normal,false,false,false,,1785414055000
6a6b3efd658c7ce391dd4cd6,true,51.7,94.76,51.7,61.88,517;0;0;0,time,120,-1,0,120.01,0,0,false,false,english,,normal,false,false,false,,1785413373000
6a6b3e64658c7ce391dd45d5,true,47.49,96.02,48.29,57.72,475;2;1;0,time,120,-1,2,120.03,0,6.93,false,false,english,,normal,false,false,false,,1785413220000
6a6b398a658c7ce391dd1256,false,50.78,93.06,55.58,64.57,127;4;2;0,time,30,-1,4,30.01,0,36.37,false,false,english,,normal,false,false,false,,1785411978000
6a6b393f658c7ce391dd0f7b,true,52.4,97.14,54.8,66.2,131;1;1;0,time,30,-1,6,30,0,45.6,false,false,english,,normal,false,false,false,,1785411903000
6a6b38bd658c7ce391dd0a33,false,51.79,92.69,57.59,65.39,259;8;5;0,time,60,-1,16,60.01,0,104.16,false,false,english,,normal,false,false,false,,1785411773000
6a6b37c8658c7ce391dd00a4,true,51.99,95.89,57.19,64.33,260;5;4;0,time,60,-1,23,60.01,0,74.66,false,false,english,,normal,false,false,false,,1785411528000
6a6b348df3225bc5fd556a9d,false,63.72,92.45,63.72,77.25,48;0;0;0,words,10,-1,2,9.04,0,5.05,false,false,english,,normal,false,false,false,,1785410701000
6a6b347af3225bc5fd5569d4,false,62.37,97.87,62.37,75.04,46;0;0;0,words,10,-1,5,8.85,0,8.32,false,false,english,,normal,false,false,false,,1785410682000
6a6b345ff3225bc5fd5568cf,false,48.93,83.33,54.08,46.82,38;2;1;0,words,10,-1,1,9.32,0,1.83,false,false,english,,normal,false,false,false,,1785410655000
6a6b3451f3225bc5fd556823,false,52.47,93.88,64.57,66.91,39;1;1;0,words,10,-1,2,8.92,0,5.09,false,false,english,,normal,false,false,false,,1785410641000
6a6b343ef3225bc5fd556777,false,43.82,92.59,50.79,57.22,44;1;0;0,words,10,-1,5,12.05,1,19.13,false,false,english,,normal,false,false,false,,1785410622000
6a6b3413f3225bc5fd5565d4,true,71.27,95.12,78.97,73.16,37;2;1;0,words,10,-1,7,6.23,0,15.62,false,false,english,,normal,false,false,false,,1785410579000
6a6b33e9f3225bc5fd556441,false,57.6,97.44,61.6,68.3,72;1;1;0,time,15,-1,0,15,0,0,false,false,english,,normal,false,false,false,,1785410537000
6a6b33d9f3225bc5fd556392,false,55.96,96.15,60.76,66.18,70;1;0;1,time,15,-1,12,15.01,0,29.75,false,false,english,,normal,false,false,false,,1785410521000
6a6b339df3225bc5fd556145,false,53.56,97.37,60.76,77.83,67;2;2;0,time,15,-1,22,15.01,0,73.32,false,false,english,,normal,false,false,false,,1785410461000
6a6b332df3225bc5fd555d62,false,60,93.98,65.6,78.25,75;3;1;0,time,15,-1,13,15,0,55.26,false,false,english,,normal,false,false,false,,1785410349000
6a6b32caf3225bc5fd5559dd,true,71.15,98.89,71.15,68.97,89;0;0;0,time,15,-1,0,15.01,0,0,false,false,english,,normal,false,false,false,,1785410250000
6a6b32b8f3225bc5fd555930,false,43.97,91.57,66.36,74.56,55;6;4;0,time,15,-1,4,15.01,0,18.52,false,false,english,,normal,false,false,false,,1785410232000
6a6b3290f3225bc5fd555797,false,62.36,96.47,66.36,64.33,78;1;1;0,time,15,-1,0,15.01,0,0,false,false,english,,normal,false,false,false,,1785410192000
6a6b3225f3225bc5fd555370,false,59.96,94.94,59.96,61.13,75;0;0;0,time,15,-1,1,15.01,0,0.82,false,false,english,,normal,false,false,false,,1785410085000
6a6b3212f3225bc5fd5552c7,false,35.98,85.45,35.98,51.64,45;0;0;0,time,15,-1,0,15.01,0,0,false,false,english,,normal,false,false,false,,1785410066000
6a6b3201f3225bc5fd55523e,false,47.2,89.55,47.2,64.5,59;0;0;0,time,15,-1,2,15,0,11.75,false,false,english,,normal,false,false,false,,1785410049000
6a6b31e3f3225bc5fd55513f,false,52.76,91.78,52.76,73.09,66;0;0;0,time,15,-1,0,15.01,0,0,false,false,english,,normal,false,false,false,,1785410019000
6a6b31d1f3225bc5fd55508e,false,49.57,93.15,55.96,57.68,62;2;1;0,time,15,-1,0,15.01,0,0,false,false,english,,normal,false,false,false,,1785410001000
6a6b31c1f3225bc5fd554fe4,false,54.33,96.2,63.12,68.64,68;3;2;0,time,15,-1,2,15.02,0,5.12,false,false,english,,normal,false,false,false,,1785409985000
6a6b31a9f3225bc5fd554f0c,false,48.77,92.86,54.36,58.93,61;3;2;0,time,15,-1,6,15.01,0,10.11,false,false,english,,normal,false,false,false,,1785409961000
6a6b3189f3225bc5fd554dc9,false,55.2,94.74,60,69.03,69;2;1;0,time,15,-1,0,15,0,0,false,false,english,,normal,false,false,false,,1785409929000
6a6b3179f3225bc5fd554d22,false,53.56,97.14,55.16,63.59,67;1;0;0,time,15,-1,1,15.01,0,2.16,false,false,english,,normal,false,false,false,,1785409913000
6a6b3165f3225bc5fd554c4c,false,58.36,95.12,63.16,68.77,73;1;1;0,time,15,-1,2,15.01,0,12.23,false,false,english,,normal,false,false,false,,1785409893000
6a6b3146f3225bc5fd554b0b,false,57.6,89.29,64,71.73,72;3;2;0,time,15,-1,0,15,0,0,false,false,english,,normal,false,false,false,,1785409862000
6a6b30f9f3225bc5fd55481a,true,64.76,100,64.76,75.81,81;0;0;0,time,15,-1,1,15.01,0,8.74,false,false,english,,normal,false,false,false,,1785409785000
6a6b30def3225bc5fd554712,false,51.97,95.83,56.76,75.71,65;1;1;0,time,15,-1,3,15.01,0,5.18,false,false,english,,normal,false,false,false,,1785409758000
6a6b3077f3225bc5fd5542ef,false,51.97,94.81,60.76,77.66,65;3;1;0,time,15,-1,1,15.01,0,1.86,false,false,english,,normal,false,false,false,,1785409655000
6a6b3063f3225bc5fd554217,false,44,89.23,52,54.93,55;6;1;0,time,15,-1,2,15,1,3.74,false,false,english,,normal,false,false,false,,1785409635000
6a6b304df3225bc5fd554137,true,57.56,94.74,57.56,67.4,72;0;0;0,time,15,-1,1,15.01,0,2.53,false,false,english,,normal,false,false,false,,1785409613000
6a6b3031f3225bc5fd554020,true,56.76,98.61,56.76,79.59,71;0;0;0,time,15,-1,2,15.01,0,7.52,false,false,english,,normal,false,false,false,,1785409585000
6a6b3017f3225bc5fd553f51,false,42.37,90.14,52.76,61.09,53;2;2;0,time,15,-1,0,15.01,0,0,false,false,english,,normal,false,false,false,,1785409559000
6a6b3007f3225bc5fd553ecf,false,46.37,94.29,54.36,69.03,58;2;2;0,time,15,-1,1,15.01,0,1.76,false,false,english,,normal,false,false,false,,1785409543000
6a6b2ff2f3225bc5fd553e20,false,50.37,86.49,53.56,68.2,63;4;0;0,time,15,-1,3,15.01,0,21.52,false,false,english,,normal,false,false,false,,1785409522000
6a6b2fc9f3225bc5fd553cd6,false,46.37,88.06,46.37,61.79,58;0;0;0,time,15,-1,6,15.01,0,10.81,false,false,english,,normal,false,false,false,,1785409481000
6a6b2fa8f3225bc5fd553bbf,false,49.57,96,59.96,69.89,62;3;2;0,time,15,-1,1,15.01,0,1.16,false,false,english,,normal,false,false,false,,1785409448000
6a6b2f90af23e07586c78e2a,false,52,98.48,52,68.08,65;0;0;0,time,15,-1,2,15,0,4.23,false,false,english,,normal,false,false,false,,1785409424000
6a6b2f79af23e07586c78d56,false,53.56,93.33,53.56,69.89,67;0;0;0,time,15,-1,0,15.01,0,0,false,false,english,,normal,false,false,false,,1785409401000
6a6b2f69af23e07586c78ccc,false,47.2,90,51.2,76.97,59;1;1;0,time,15,-1,1,15,0,1.98,false,false,english,,normal,false,false,false,,1785409385000
6a6b2f52af23e07586c78c08,false,54.36,98.65,59.16,69.97,68;1;1;0,time,15,-1,0,15.01,0,0,false,false,english,,normal,false,false,false,,1785409362000
6a6b2f42af23e07586c78b78,false,44,95.52,52.8,56.88,55;2;2;0,time,15,-1,0,15,0,0,false,false,english,,normal,false,false,false,,1785409346000
6a6b2f31af23e07586c78acf,false,41.54,91.8,46.34,46.69,52;1;1;0,time,15,-1,1,15.02,0,7.95,false,false,english,,normal,false,false,false,,1785409329000
6a6b2f17af23e07586c789d2,false,37.57,88.71,47.97,58.72,47;4;2;0,time,15,-1,0,15.01,0,0,false,false,english,,normal,false,false,false,,1785409303000
6a6b2f06af23e07586c78939,false,45.6,91.67,54.4,67.55,57;2;2;0,time,15,-1,3,15,0,8.67,false,false,english,,normal,false,false,false,,1785409286000
6a6b2ee6af23e07586c787f5,false,40.8,91.07,40.8,54.74,51;0;0;0,time,15,-1,0,15,0,0,false,false,english,,normal,false,false,false,,1785409254000
6a671743af23e07586a4560a,false,33.53,89.23,51.9,66.65,42;6;3;0,time,15,-1,0,15.03,0,0,false,false,english,,normal,false,false,false,,1785141059000
6a671728af23e07586a4551b,false,49.6,89.19,59.2,60.53,62;7;1;0,time,15,-1,1,15,0,1.64,false,false,english,,normal,false,false,false,,1785141032000
6a67170daf23e07586a453ee,true,55.2,96,59.2,70.79,69;2;0;1,time,15,-1,1,15,0,1.5,false,false,english,,normal,false,false,false,,1785141005000
6a6716f5af23e07586a452f8,false,43.17,96.43,43.17,56.88,54;0;0;0,time,15,-1,0,15.01,0,0,false,false,english,,normal,false,false,false,,1785140981000
6a6716e3af23e07586a45265,false,40.8,98.21,44.8,64.12,51;1;1;0,time,15,-1,0,15,0,0,false,false,english,,normal,false,false,false,,1785140963000
6a6716d2af23e07586a451ce,false,30.38,89.83,47.17,67.23,38;6;3;1,time,15,-1,0,15.01,0,0,false,false,english,,normal,false,false,false,,1785140946000
6a6716c1af23e07586a45128,false,40.77,95.45,51.97,59.54,51;2;2;0,time,15,-1,0,15.01,0,0,false,false,english,,normal,false,false,false,,1785140929000
6a6716b0af23e07586a45086,false,48.77,96.83,48.77,43.76,61;0;0;0,time,15,-1,0,15.01,0,0,false,false,english,,normal,false,false,false,,1785140912000
6a671660af23e07586a44d52,false,47.2,93.65,48,61.92,59;1;0;0,time,15,-1,3,15,0,17.87,false,false,english,,normal,false,false,false,,1785140832000
6a671638af23e07586a44bb2,false,47.17,95.83,57.56,69.38,59;2;2;0,time,15,-1,0,15.01,0,0,false,false,english,,normal,false,false,false,,1785140792000
6a671623af23e07586a44ae6,false,41.54,88.57,52.73,63.59,52;4;3;0,time,15,-1,0,15.02,0,0,false,false,english,,normal,false,false,false,,1785140771000
6a67160faf23e07586a44a25,false,40.77,91.8,44.77,63.58,51;1;1;0,time,15,-1,0,15.01,0,0,false,false,english,,normal,false,false,false,,1785140751000
6a6715feaf23e07586a4499a,false,40.8,90.16,44.8,45.24,51;1;1;0,time,15,-1,0,15,0,0,false,false,english,,normal,false,false,false,,1785140734000
6a6715eaaf23e07586a448e5,false,48,94.03,52,65.45,60;2;1;0,time,15,-1,0,15,0,0,false,false,english,,normal,false,false,false,,1785140714000
6a6715d9af23e07586a4483f,false,28.78,90.32,47.97,49.47,36;4;4;0,time,15,-1,0,15.01,0,0,false,false,english,,normal,false,false,false,,1785140697000
6a6715c8af23e07586a44798,false,41.6,93.1,41.6,59.01,52;0;0;0,time,15,-1,3,15,0,23.78,false,false,english,,normal,false,false,false,,1785140680000
6a67158eaf23e07586a44578,false,34.38,86.79,39.57,49.11,86;6;2;0,time,30,-1,0,30.02,0,0,false,false,english,,normal,false,false,false,,1785140622000
6a67154aaf23e07586a442e8,false,37.59,88.8,49.18,59.82,94;11;5;0,time,30,-1,0,30.01,1,0,false,false,english,,normal,false,false,false,,1785140554000
6a671529af23e07586a441ca,false,43.19,95.12,48.78,65.89,108;4;3;0,time,30,-1,1,30.01,0,1.24,false,false,english,,normal,false,false,false,,1785140521000
6a671506af23e07586a44086,false,48.78,95.65,53.98,66.52,122;2;2;0,time,30,-1,0,30.01,0,0,false,false,english,,normal,false,false,false,,1785140486000
6a6714e5af23e07586a43f4f,false,36.79,95.12,48.38,50.37,92;4;4;0,time,30,-1,0,30.01,1,0,false,false,english,,normal,false,false,false,,1785140453000
6a6714c3af23e07586a43e0f,false,21.59,83.7,35.59,39.16,54;10;6;0,time,30,-1,1,30.01,2,25.47,false,false,english,,normal,false,false,false,,1785140419000
6a67142faf23e07586a4390a,false,37.2,89.52,47.2,62.67,93;6;4;1,time,30,-1,0,30,1,0,false,false,english,,normal,false,false,false,,1785140271000
6a67140eaf23e07586a437d1,false,44,94.83,44,54.41,110;0;0;0,time,30,-1,0,30,2,0,false,false,english,,normal,false,false,false,,1785140238000
6a6713ecaf23e07586a436a1,false,34.8,93.81,44.4,53.23,87;4;3;1,time,30,-1,2,30,0,26.33,false,false,english,,normal,false,false,false,,1785140204000
6a6713a6af23e07586a4344c,false,44,91.67,44,59.71,110;0;0;0,time,30,-1,0,30,0,0,false,false,english,,normal,false,false,false,,1785140134000
6a671380af23e07586a43316,false,48.77,97.71,51.57,66.83,122;1;1;0,time,30,-1,0,30.02,1,0,false,false,english,,normal,false,false,false,,1785140096000
6a671360af23e07586a4320a,false,28.79,85.06,28.79,39.15,72;0;0;0,time,30,-1,0,30.01,0,0,false,false,english,,normal,false,false,false,,1785140064000
6a671340af23e07586a430e0,false,39.16,87.83,39.16,44.64,98;0;0;0,time,30,-1,0,30.03,1,0,false,false,english,,normal,false,false,false,,1785140032000
6a671320af23e07586a42f90,false,41.57,90.83,41.57,48.49,104;0;0;0,time,30,-1,0,30.02,0,0,false,false,english,,normal,false,false,false,,1785140000000
6a6712fdaf23e07586a42e36,false,31.19,75.44,40.79,45.66,78;8;10;0,time,30,-1,0,30.01,2,0,false,false,english,,normal,false,false,false,,1785139965000
6a6712dcaf23e07586a42cd8,false,43.99,93.33,43.99,59.13,110;0;0;0,time,30,-1,1,30.01,0,9.1,false,false,english,,normal,false,false,false,,1785139932000
6a6712acaf23e07586a42b0a,false,40.4,92.04,40.4,54.24,101;0;0;0,time,30,-1,0,30,1,0,false,false,english,,normal,false,false,false,,1785139884000
6a67128caf23e07586a429cc,false,26.8,85.26,34,34.42,67;5;3;0,time,30,-1,0,30,0,0,false,false,english,,normal,false,false,false,,1785139852000
6a671261af23e07586a42873,false,36.4,90.57,38.8,53.43,91;1;1;0,time,30,-1,1,30,0,12.91,false,false,english,,normal,false,false,false,,1785139809000
6a671223af23e07586a42662,true,48.8,96.32,53.2,62.78,122;2;2;0,time,30,-1,0,30,0,0,false,false,english,,normal,false,false,false,,1785139747000
6a6711d0af23e07586a42360,false,33.59,90,36.19,50.45,336;4;4;0,time,120,-1,0,120.02,3,0,false,false,english,,normal,false,false,false,,1785139664000
6a67113baf23e07586a41e37,false,31.3,89.37,38.9,51.32,313;18;13;0,time,120,-1,0,120.01,2,0,false,false,english,,normal,false,false,false,,1785139515000
6a65cd84af23e075869ace8f,false,38.2,90.39,38.2,50.62,382;0;0;0,time,120,-1,0,120.01,2,0,false,false,english,,normal,false,false,false,,1785056644000
6a65c886af23e075869aa788,false,35.89,93.35,36.29,45.23,359;2;0;0,time,120,-1,0,120.02,5,0,false,false,english,,normal,false,false,false,,1785055366000
6a65c7d4af23e075869aa1e6,true,41.9,93.2,41.9,54.53,419;0;0;0,time,120,-1,0,120.01,1,0,false,false,english,,normal,false,false,false,,1785055188000
6a65c734af23e075869a9d01,true,37.59,90.16,38.09,46.43,376;1;1;0,time,120,-1,0,120.02,5,0,false,false,english,,normal,false,false,false,,1785055028000
6a65c6acaf23e075869a98ab,false,36.19,88.94,36.19,44.86,181;0;0;0,time,60,-1,1,60.01,2,6.1,false,false,english,,normal,false,false,false,,1785054892000
6a65c648af23e075869a95a5,false,39.2,91.23,40.2,58.2,196;1;0;0,time,60,-1,1,60,0,5.39,false,false,english,,normal,false,false,false,,1785054792000
6a65c604af23e075869a9396,false,45.59,95.14,45.59,57.25,228;0;0;0,time,60,-1,0,60.01,1,0,false,false,english,,normal,false,false,false,,1785054724000
6a65c5b4af23e075869a912d,false,30.59,89.94,30.79,34.63,153;1;0;0,time,60,-1,0,60.01,3,0,false,false,english,,normal,false,false,false,,1785054644000
6a65c55aaf23e075869a8e37,true,46.6,96.3,46.6,55.1,233;0;0;0,time,60,-1,0,60,1,0,false,false,english,,normal,false,false,false,,1785054554000
6a65c503af23e075869a8b4c,false,43.17,87.88,47.97,63.09,54;2;1;0,time,15,-1,0,15.01,0,0,false,false,english,,normal,false,false,false,,1785054467000
6a65c4f2af23e075869a8ad8,false,36.8,94,36.8,53.35,46;0;0;0,time,15,-1,0,15,0,0,false,false,english,,normal,false,false,false,,1785054450000
6a65c4e0af23e075869a8a57,false,47.97,91.04,47.97,62.67,60;0;0;0,time,15,-1,0,15.01,0,0,false,false,english,,normal,false,false,false,,1785054432000
6a65c4cfaf23e075869a89de,false,43.2,96.49,43.2,53.78,54;0;0;0,time,15,-1,1,15,0,2.66,false,false,english,,normal,false,false,false,,1785054415000
6a65c4b6af23e075869a8919,true,54.33,97.18,55.93,72.76,68;2;0;0,time,15,-1,0,15.02,0,0,false,false,english,,normal,false,false,false,,1785054390000
6a65c4a7af23e075869a88a0,false,40,98.04,40,53.5,50;0;0;0,time,15,-1,0,15,0,0,false,false,english,,normal,false,false,false,,1785054375000
6a65c494af23e075869a8817,false,37.57,92.31,37.57,47.62,47;0;0;0,time,15,-1,0,15.01,0,0,false,false,english,,normal,false,false,false,,1785054356000
6a65c483af23e075869a879e,false,47.97,90.14,47.97,78.92,60;0;0;0,time,15,-1,0,15.01,0,0,false,false,english,,normal,false,false,false,,1785054339000
6a65c46daf23e075869a86fa,false,43.17,90.32,46.37,65.94,54;1;1;0,time,15,-1,0,15.01,0,0,false,false,english,,normal,false,false,false,,1785054317000
6a65c459af23e075869a8663,false,37.57,91.53,44.77,50.57,47;2;0;1,time,15,-1,0,15.01,0,0,false,false,english,,normal,false,false,false,,1785054297000
6a65c0fcaf23e075869a6b0a,false,39.17,90.91,39.97,54.78,49;1;0;0,time,15,-1,0,15.01,0,0,false,false,english,,normal,false,false,false,,1785053436000
6a65c0eaaf23e075869a6a79,false,36.78,92.16,36.78,61.59,46;0;0;0,time,15,-1,0,15.01,0,0,false,false,english,,normal,false,false,false,,1785053418000
6a65c0d2af23e075869a6993,false,51.17,100,51.17,75.1,64;0;0;0,time,15,-1,1,15.01,0,6.96,false,false,english,,normal,false,false,false,,1785053394000
6a65c0b7af23e075869a68ac,false,26.36,81.82,29.56,31.16,33;1;1;0,time,15,-1,0,15.02,1,0,false,false,english,,normal,false,false,false,,1785053367000
6a65c0a3af23e075869a67fe,false,47.2,95.16,47.2,69.57,59;0;0;0,time,15,-1,1,15,0,5.29,false,false,english,,normal,false,false,false,,1785053347000
6a65c055af23e075869a653f,false,32.78,77.36,32.78,61.53,41;0;0;0,time,15,-1,0,15.01,0,0,false,false,english,,normal,false,false,false,,1785053269000
6a65c046af23e075869a64aa,false,42.37,92.98,42.37,55.8,53;0;0;0,time,15,-1,0,15.01,0,0,false,false,english,,normal,false,false,false,,1785053254000
6a65c02baf23e075869a63c1,false,41.57,100,41.57,54.31,52;0;0;0,time,15,-1,1,15.01,0,8.57,false,false,english,,normal,false,false,false,,1785053227000
6a65c005af23e075869a627e,false,35.18,85.19,36.78,53.8,44;1;0;0,time,15,-1,0,15.01,0,0,false,false,english,,normal,false,false,false,,1785053189000
6a65bfeaaf23e075869a6193,false,47.94,98.36,47.94,62.49,60;0;0;0,time,15,-1,0,15.02,0,0,false,false,english,,normal,false,false,false,,1785053162000
6a65bfd6af23e075869a60e6,false,39.97,96.15,39.97,51.96,50;0;0;0,time,15,-1,0,15.01,0,0,false,false,english,,normal,false,false,false,,1785053142000
6a65bfbdaf23e075869a6015,false,28.8,90.91,28.8,35.39,36;0;0;0,time,15,-1,0,15,0,0,false,false,english,,normal,false,false,false,,1785053117000
6a65bfabaf23e075869a5f5e,false,19.99,82.69,41.57,56.78,25;9;3;2,time,15,-1,0,15.01,0,0,false,false,english,,normal,false,false,false,,1785053099000
6a65bf99af23e075869a5ed1,false,34.4,91.67,47.2,64.65,43;4;2;1,time,15,-1,0,15,0,0,false,false,english,,normal,false,false,false,,1785053081000
6a65bf7caf23e075869a5dbf,false,33.58,93.55,49.57,62.67,42;4;2;1,time,15,-1,0,15.01,0,0,false,false,english,,normal,false,false,false,,1785053052000
6a65bf67af23e075869a5d11,false,40.77,93.1,46.37,54.89,51;4;0;1,time,15,-1,0,15.01,0,0,false,false,english,,normal,false,false,false,,1785053031000
6a65bf00af23e075869a59ac,true,51.97,97.22,57.56,61.83,65;2;1;0,time,15,-1,0,15.01,0,0,false,false,english,,normal,false,false,false,,1785052928000
6a65beecaf23e075869a58ff,true,27.98,87.04,43.17,58.46,35;6;3;0,time,15,-1,3,15.01,0,14.91,false,false,english,,normal,false,false,false,,1785052908000
6a65b0f4af23e0758699f0d4,true,31.93,100,31.93,29.49,327;0;0;0,zen,zen,-1,1,122.9,6,3.93,false,false,english,,normal,false,false,false,,1785049332000
6a65b062af23e0758699ecf2,false,40.79,93.75,51.18,56.85,102;6;5;0,time,30,-1,1,30.01,0,4.93,false,false,english,,normal,false,false,false,,1785049186000
6a65b033af23e0758699eba3,false,32,95.65,36.8,51.05,80;4;2;0,time,30,-1,0,30,1,0,false,false,english,,normal,false,false,false,,1785049139000
6a65b00eaf23e0758699ea92,false,32.79,94.17,41.19,47.15,82;5;4;0,time,30,-1,0,30.01,2,0,false,false,english,,normal,false,false,false,,1785049102000
6a65afe5af23e0758699e979,false,36.79,98.97,38.79,50.43,92;1;1;0,time,30,-1,0,30.01,1,0,false,false,english,,normal,false,false,false,,1785049061000
6a65afbfaf23e0758699e863,false,23.99,91.67,38.39,52.75,60;8;6;0,time,30,-1,0,30.01,1,0,false,false,english,,normal,false,false,false,,1785049023000
6a65af86af23e0758699e69a,false,23.98,90.48,41.97,48.14,60;10;6;1,time,30,-1,2,30.02,1,32.28,false,false,english,,normal,false,false,false,,1785048966000
6a65aeecaf23e0758699e23b,false,32,89.66,46.4,46.44,80;10;5;1,time,30,-1,0,30,1,0,false,false,english,,normal,false,false,false,,1785048812000
6a65aeb6af23e0758699e0ce,false,39.99,97.35,45.18,54.24,100;3;1;0,time,30,-1,0,30.01,0,0,false,false,english,,normal,false,false,false,,1785048758000
6a65ae4faf23e0758699de1a,false,27.59,95.7,37.19,46.61,69;4;4;0,time,30,-1,0,30.01,1,0,false,false,english,,normal,false,false,false,,1785048655000
6a65ae2baf23e0758699dd2d,false,32.39,95.19,41.59,55.52,81;5;4;0,time,30,-1,0,30.01,1,0,false,false,english,,normal,false,false,false,,1785048619000
6a65ad08af23e0758699d526,false,32.39,92.31,46.78,67.47,81;9;6;0,time,30,-1,0,30.01,0,0,false,false,english,,normal,false,false,false,,1785048328000
6a65ace6af23e0758699d41d,false,28.39,88.89,43.19,52.71,71;12;5;1,time,30,-1,0,30.01,1,0,false,false,english,,normal,false,false,false,,1785048294000
6a65acb3af23e0758699d2b8,false,40.39,96.52,45.98,64.96,101;4;3;0,time,30,-1,1,30.01,1,3.37,false,false,english,,normal,false,false,false,,1785048243000
6a65ac80af23e0758699d15e,false,41.2,96.69,48.4,68.33,103;3;3;0,time,30,-1,0,30,0,0,false,false,english,,normal,false,false,false,,1785048192000
6a65a978af23e0758699bba0,false,41.19,96,49.58,57.97,103;4;4;0,time,30,-1,0,30.01,1,0,false,false,english,,normal,false,false,false,,1785047416000
6a65a93baf23e0758699b9d7,false,32.38,93.52,43.17,55.49,81;7;4;1,time,30,-1,0,30.02,0,0,false,false,english,,normal,false,false,false,,1785047355000
6a652583af23e07586972b89,false,27.59,82.24,41.19,48.59,69;10;9;0,time,30,-1,0,30.01,1,0,false,false,english,,normal,false,false,false,,1785013635000
6a652558af23e07586972abf,false,25.99,88.78,37.99,48.34,65;8;5;0,time,30,-1,0,30.01,0,0,false,false,english,,normal,false,false,false,,1785013592000
6a652531af23e075869729f9,false,26.4,95.7,37.2,52.7,66;4;3;0,time,30,-1,0,30,0,0,false,false,english,,normal,false,false,false,,1785013553000
6a65250eaf23e07586972954,false,26.79,91.84,39.19,50.78,67;8;6;0,time,30,-1,0,30.01,0,0,false,false,english,,normal,false,false,false,,1785013518000
6a6524d9af23e07586972866,false,30,89.34,48.8,52.17,75;12;7;1,time,30,-1,0,30,0,0,false,false,english,,normal,false,false,false,,1785013465000
6a64aba0af23e07586936abf,false,29.19,84.62,37.19,55.76,73;4;4;0,time,30,-1,0,30.01,0,0,false,false,english,,normal,false,false,false,,1784982432000
6a64ab41af23e075869367bd,false,37.2,97.32,44.8,55.8,93;3;3;0,time,30,-1,0,30,0,0,false,false,english,,normal,false,false,false,,1784982337000
6a64aaecaf23e075869364fb,false,31.6,93.5,49.2,63.64,79;8;7;1,time,30,-1,0,30,1,0,false,false,english,,normal,false,false,false,,1784982252000
6a64aaabaf23e075869362e9,false,39.2,95.76,47.2,56.04,98;5;2;2,time,30,-1,0,30,0,0,false,false,english,,normal,false,false,false,,1784982187000
6a64aa35af23e07586935f2a,false,40.73,98.23,45.12,60.83,102;2;2;0,time,30,-1,0,30.05,0,0,false,false,english,,normal,false,false,false,,1784982069000
6a64a993af23e075869359ec,false,42.79,97.56,49.18,63.64,107;3;3;0,time,30,-1,0,30.01,1,0,false,false,english,,normal,false,false,false,,1784981907000
6a64a926af23e07586935680,false,44.8,95.8,47.6,54.73,112;4;2;0,time,30,-1,0,30,1,0,false,false,english,,normal,false,false,false,,1784981798000
6a64a88aaf23e075869351cc,false,29.19,92.93,39.59,55,73;7;5;1,time,30,-1,0,30.01,0,0,false,false,english,,normal,false,false,false,,1784981642000
6a64a83caf23e07586934f7a,false,33.92,77.86,52.28,34.94,85;9;24;0,time,30,-1,0,30.07,0,0,false,false,english,,normal,false,false,false,,1784981564000
6a64a806af23e07586934dce,false,31.19,95.92,39.19,54.69,78;4;3;0,time,30,-1,0,30.01,0,0,false,false,english,,normal,false,false,false,,1784981510000
6a64a7b8af23e07586934b85,true,45.94,96.97,52.73,65.99,115;4;4;0,time,30,-1,0,30.04,0,0,false,false,english,,normal,false,false,false,,1784981432000
6a64a779af23e0758693497c,false,37.19,98.21,44.79,63.46,93;2;2;0,time,30,-1,0,30.01,0,0,false,false,code_python,,normal,false,false,false,,1784981369000
6a64a709af23e0758693460a,true,43.2,96.77,49.6,62.67,108;4;2;1,time,30,-1,0,30,1,0,false,false,code_python,,normal,false,false,false,,1784981257000
6a64a633af23e07586933f46,true,34.39,94.59,43.99,55.28,86;5;4;0,time,30,-1,0,30.01,2,0,false,false,code_python,,normal,false,false,false,,1784981043000